{
  "name": "angular-sticky-table-header",
  "version": "0.2.17",
  "description": "Sticky headers for tables",
  "main": "dist/angular-sticky-table-header.js",
  "homepage": "https://github.com/bcherny/angular-sticky-table-header",
  "authors": [
    "Boris Cherny <boris@performancejs.com>",
    "Nina Chen <nchen@turn.com>"
  ],
  "license": "Apache2",
  "dependencies": {
    "lodash": "^2.4",
    "angular": "1.0.8",
    "jquery": "^1.11",
    "watch-dom": "~0.0"
  },
  "keywords": [
    "sticky",
    "header",
    "angular",
    "fixed",
    "position",
    "stuck"
  ],
  "devDependencies": {
    "bootstrap": "~3.1.1",
    "angular-mocks": "~1.0.8"
  },
  "ignore": [
    "test",
    "Gruntfile.coffee",
    "demo"
  ],
  "_release": "0.2.17",
  "_resolution": {
    "type": "version",
    "tag": "v0.2.17",
    "commit": "35e1d9b78913e33e677ca7c5e43cea9ef2fc6c2b"
  },
  "_source": "git://github.com/turn/angular-sticky-table-header.git",
  "_target": "~0.2.17",
  "_originalSource": "angular-sticky-table-header",
  "_direct": true
}